{"count":1,"gauges":{"3DBalldeneme2.CumulativeReward":{"count":7,"max":5.29999638,"min":0.300000221,"value":0.600000262,"weightedAverage":1.714892}},"self":22.7026128,"total":23.3039371,"children":{"AgentSendState":{"count":1149,"self":0.0058801999999999995,"total":0.0091951999999999989,"children":{"CollectObservations":{"count":230,"self":0.003315,"total":0.003315,"children":null}}},"DecideAction":{"count":1149,"self":0.0011279999999999999,"total":0.0011279999999999999,"children":null},"AgentAct":{"count":1149,"self":0.59100089999999994,"total":0.59100089999999994,"children":null}}}