{"count":1,"gauges":{"3DBallHard.CumulativeReward":{"count":16,"max":19.20004,"min":1.41561031E-07,"value":19.20004,"weightedAverage":6.651345}},"self":22.314567999999998,"total":22.9294716,"children":{"AgentSendState":{"count":1141,"self":0.0270993,"total":0.0390772,"children":{"CollectObservations":{"count":2748,"self":0.0119779,"total":0.0119779,"children":null}}},"DecideAction":{"count":1141,"self":0.54338029999999993,"total":0.54338029999999993,"children":null},"AgentAct":{"count":1141,"self":0.0314491,"total":0.0314491,"children":null}}}