{"count":1,"gauges":{"Basicdeneme.CumulativeReward":{"count":66,"max":0.93,"min":-0.6999995,"value":0.83,"weightedAverage":0.421202123}},"self":32.2145696,"total":33.3729705,"children":{"AgentSendState":{"count":1652,"self":0.014567799999999999,"total":0.014567799999999999,"children":{"CollectObservations":{"count":1652,"self":0,"total":0,"children":null}}},"DecideAction":{"count":1652,"self":1.1236525,"total":1.1236525,"children":null},"AgentAct":{"count":1652,"self":0.0191852,"total":0.0191852,"children":null}}}