{"count":1,"gauges":{"Bouncer.CumulativeReward":{"count":55,"max":21.5660534,"min":-1.06402218,"value":15.5911789,"weightedAverage":16.8045654}},"self":81.903808,"total":83.6029314,"children":{"AgentSendState":{"count":4162,"self":0.0494207,"total":0.0522908,"children":{"CollectObservations":{"count":1160,"self":0.0028701,"total":0.0028701,"children":null}}},"DecideAction":{"count":4162,"self":1.6297561999999999,"total":1.6297561999999999,"children":null},"AgentAct":{"count":4162,"self":0.0160826,"total":0.0160826,"children":null}}}