{"count":1,"gauges":{},"self":13.5208848,"total":14.6527481,"children":{"AgentSendState":{"count":1075,"self":0.024981999999999997,"total":0.1278257,"children":{"CollectObservations":{"count":1720,"self":0.1028437,"total":0.1028437,"children":null}}},"DecideAction":{"count":1075,"self":0.9720002,"total":0.9720002,"children":null},"AgentAct":{"count":1075,"self":0.0310398,"total":0.0310398,"children":null}}}