{"count":1,"gauges":{},"self":30.944745599999997,"total":32.7021102,"children":{"AgentSendState":{"count":1627,"self":0.0453075,"total":0.07383279999999999,"children":{"CollectObservations":{"count":6520,"self":0.0285253,"total":0.0285253,"children":null}}},"DecideAction":{"count":1627,"self":1.1522489999999999,"total":1.4905609,"children":{"RayPerceptionSensor.Perceive":{"count":6520,"self":0.3383119,"total":0.3383119,"children":null}}},"AgentAct":{"count":1627,"self":0.19197319999999998,"total":0.19197319999999998,"children":null}}}