{"count":1,"gauges":{"GridWorld.CumulativeReward":{"count":188,"max":1,"min":0.93,"value":0.98,"weightedAverage":0.9782902}},"self":6.8114903999999994,"total":12.560791199999999,"children":{"AgentSendState":{"count":622,"self":0.0060436,"total":0.0090054,"children":{"CollectObservations":{"count":621,"self":0.0029617999999999997,"total":0.0029617999999999997,"children":null}}},"DecideAction":{"count":622,"self":4.6985272,"total":5.6686096,"children":{"CameraSensor.WriteToTensor":{"count":552,"self":0.9119965,"total":0.9119965,"children":null},"RenderTexSensor.GetCompressedObservation":{"count":69,"self":0.0580857,"total":0.0580857,"children":null}}},"AgentAct":{"count":622,"self":0.07068859999999999,"total":0.07068859999999999,"children":null}}}