{"count":1,"gauges":{"Hallway.CumulativeReward":{"count":117,"max":1,"min":0.872000456,"value":0.926000237,"weightedAverage":0.9333978}},"self":31.8736224,"total":33.6335896,"children":{"AgentSendState":{"count":1675,"self":0.0441191,"total":0.060971599999999994,"children":{"CollectObservations":{"count":4480,"self":0.0168525,"total":0.0168525,"children":null}}},"DecideAction":{"count":1675,"self":1.4637575999999999,"total":1.6657121,"children":{"RayPerceptionSensor.Perceive":{"count":4480,"self":0.20195449999999998,"total":0.20195449999999998,"children":null}}},"AgentAct":{"count":1675,"self":0.032285299999999996,"total":0.032285299999999996,"children":null}}}