{"count":1,"gauges":{"PushBlock.CumulativeReward":{"count":90,"max":4.9946,"min":4.9602,"value":4.9824,"weightedAverage":4.982978}},"self":5.1979479999999993,"total":5.6086002,"children":{"AgentSendState":{"count":275,"self":0.011955799999999999,"total":0.012953,"children":{"CollectObservations":{"count":1760,"self":0.0009972,"total":0.0009972,"children":null}}},"DecideAction":{"count":275,"self":0.286468,"total":0.38158709999999996,"children":{"RayPerceptionSensor.Perceive":{"count":3520,"self":0.0951191,"total":0.0951191,"children":null}}},"AgentAct":{"count":275,"self":0.0161119,"total":0.0161119,"children":null}}}