{"count":1,"gauges":{"Pyramids.CumulativeReward":{"count":38,"max":1.93900013,"min":1.68799591,"value":1.85899878,"weightedAverage":1.81449676}},"self":51.1817376,"total":53.7600832,"children":{"AgentSendState":{"count":2682,"self":0.0691368,"total":0.10922019999999999,"children":{"CollectObservations":{"count":8592,"self":0.0400834,"total":0.0400834,"children":null}}},"DecideAction":{"count":2682,"self":1.4650079999999999,"total":2.4129263,"children":{"RayPerceptionSensor.Perceive":{"count":25776,"self":0.9479183,"total":0.9479183,"children":null}}},"AgentAct":{"count":2682,"self":0.0561987,"total":0.0561987,"children":null}}}