{"count":1,"gauges":{},"self":26.549470399999997,"total":27.2877375,"children":{"AgentSendState":{"count":1360,"self":0.033111299999999996,"total":0.0604382,"children":{"CollectObservations":{"count":6800,"self":0.027326899999999998,"total":0.027326899999999998,"children":null}}},"DecideAction":{"count":1360,"self":0.6460372,"total":0.6460372,"children":null},"AgentAct":{"count":1360,"self":0.0307944,"total":0.0307944,"children":null}}}