{"count":1,"gauges":{"Soccer.CumulativeReward":{"count":92,"max":0.963000059,"min":-1.42733788,"value":0.958000064,"weightedAverage":0.0574680343}},"self":28.6507072,"total":31.7724893,"children":{"AgentSendState":{"count":1577,"self":0.0662179,"total":0.084866299999999992,"children":{"CollectObservations":{"count":10112,"self":0.0186484,"total":0.0186484,"children":null}}},"DecideAction":{"count":1577,"self":1.7292272,"total":2.9872443,"children":{"RayPerceptionSensor.Perceive":{"count":20224,"self":1.2580171999999998,"total":1.2580171999999998,"children":null}}},"AgentAct":{"count":1577,"self":0.0486722,"total":0.0486722,"children":null}}}