{"count":1,"gauges":{"Tennis.CumulativeReward":{"count":12,"max":1,"min":-1,"value":-1,"weightedAverage":-0.0405917168}},"self":24.669950399999998,"total":25.7230334,"children":{"AgentSendState":{"count":1280,"self":0.074031,"total":0.1289372,"children":{"CollectObservations":{"count":9216,"self":0.054906199999999995,"total":0.054906199999999995,"children":null}}},"DecideAction":{"count":1280,"self":0.8489977,"total":0.8489977,"children":null},"AgentAct":{"count":1280,"self":0.074151399999999992,"total":0.074151399999999992,"children":null}}}