{"count":1,"gauges":{},"self":6.7883303999999995,"total":7.4059966,"children":{"AgentSendState":{"count":539,"self":0.0155806,"total":0.0727057,"children":{"CollectObservations":{"count":1188,"self":0.0571251,"total":0.0571251,"children":null}}},"DecideAction":{"count":539,"self":0.5108809,"total":0.5108809,"children":null},"AgentAct":{"count":539,"self":0.033082099999999996,"total":0.033082099999999996,"children":null}}}