{"count":1,"gauges":{},"self":3.6200371999999996,"total":4.7668478,"children":{"AgentSendState":{"count":233,"self":0.0040165,"total":0.0059143,"children":{"CollectObservations":{"count":564,"self":0.0018977999999999998,"total":0.0018977999999999998,"children":null}}},"DecideAction":{"count":233,"self":0.08128139999999999,"total":0.08128139999999999,"children":null},"AgentAct":{"count":233,"self":1.0586179,"total":1.0586179,"children":null}}}