{"count":1,"gauges":{},"self":438.32412159999996,"total":439.8437073,"children":{"AgentSendState":{"count":6108,"self":0.013867299999999999,"total":0.0188277,"children":{"CollectObservations":{"count":1222,"self":0.0049603999999999994,"total":0.0049603999999999994,"children":null}}},"DecideAction":{"count":6108,"self":1.4624241,"total":1.4782914,"children":{"RayPerceptionSensor.Perceive":{"count":1222,"self":0.0158673,"total":0.0158673,"children":null}}},"AgentAct":{"count":6108,"self":0.0224796,"total":0.0224796,"children":null}}}