{"count":1,"gauges":{"FoodCollector.CumulativeReward":{"count":20,"max":4,"min":-5,"value":-1,"weightedAverage":-1.20257878}},"self":112.66196479999999,"total":119.2542,"children":{"AgentSendState":{"count":5464,"self":0.1106973,"total":0.1744693,"children":{"CollectObservations":{"count":21860,"self":0.063772,"total":0.063772,"children":null}}},"DecideAction":{"count":5464,"self":3.0728388,"total":4.0545726,"children":{"RayPerceptionSensor.Perceive":{"count":21860,"self":0.98173389999999994,"total":0.98173389999999994,"children":null}}},"AgentAct":{"count":5464,"self":2.3631881999999997,"total":2.3631881999999997,"children":null}}}