{"count":1,"gauges":{},"self":15.8898032,"total":18.2019935,"children":{"AgentSendState":{"count":1206,"self":0.012630599999999999,"total":0.014509,"children":{"CollectObservations":{"count":2010,"self":0.0018784,"total":0.0018784,"children":null}}},"DecideAction":{"count":1206,"self":0.82666549999999994,"total":1.8349765999999998,"children":{"RayPerceptionSensor.Perceive":{"count":2010,"self":1.0083111,"total":1.0083111,"children":null}}},"AgentAct":{"count":1206,"self":0.4617095,"total":0.4617095,"children":null}}}