{"count":1,"gauges":{},"self":20.9520944,"total":21.841235899999997,"children":{"AgentSendState":{"count":1072,"self":0.0156719,"total":0.021696899999999998,"children":{"CollectObservations":{"count":4300,"self":0.006025,"total":0.006025,"children":null}}},"DecideAction":{"count":1072,"self":0.63273439999999992,"total":0.8062691,"children":{"RayPerceptionSensor.Perceive":{"count":4300,"self":0.1735347,"total":0.1735347,"children":null}}},"AgentAct":{"count":1072,"self":0.0601511,"total":0.0601511,"children":null}}}