{"count":1,"gauges":{"Pyramids.CumulativeReward":{"count":1,"max":11.6710272,"min":11.6710272,"value":11.6710272,"weightedAverage":11.6710272}},"self":39.6050208,"total":40.1351812,"children":{"AgentSendState":{"count":1978,"self":0.002974,"total":0.0039716,"children":{"CollectObservations":{"count":396,"self":0.0009976,"total":0.0009976,"children":null}}},"DecideAction":{"count":1978,"self":0.50931629999999994,"total":0.5162129,"children":{"RayPerceptionSensor.Perceive":{"count":396,"self":0.0068965999999999993,"total":0.0068965999999999993,"children":null}}},"AgentAct":{"count":1978,"self":0.0089768,"total":0.0089768,"children":null}}}