{"count":1,"gauges":{},"self":22.224908799999998,"total":22.5557767,"children":{"AgentSendState":{"count":1115,"self":0.0049540999999999995,"total":0.005944,"children":{"CollectObservations":{"count":223,"self":0.0009899,"total":0.0009899,"children":null}}},"DecideAction":{"count":1115,"self":0.3100234,"total":0.3169779,"children":{"RayPerceptionSensor.Perceive":{"count":223,"self":0.0069545,"total":0.0069545,"children":null}}},"AgentAct":{"count":1115,"self":0.0069479999999999993,"total":0.0069479999999999993,"children":null}}}