{"count":1,"gauges":{},"self":1116.5113344,"total":1116.6826694,"children":{"AgentSendState":{"count":219,"self":0.0030042,"total":0.078796999999999992,"children":{"CollectObservations":{"count":44,"self":0.0757928,"total":0.0757928,"children":null}}},"DecideAction":{"count":219,"self":0.085538,"total":0.0905231,"children":{"RayPerceptionSensor.Perceive":{"count":132,"self":0.0049851,"total":0.0049851,"children":null}}},"AgentAct":{"count":219,"self":0.0009972,"total":0.0009972,"children":null}}}