{"cameraMode":{"drawMode":0,"name":"Shaded","section":"Shading Mode"},"sceneLighting":false,"audioPlay":false,"sceneViewState":{"showFog":false,"showMaterialUpdate":false,"showSkybox":false,"showFlares":false,"showImageEffects":false,"showParticleSystems":false},"in2DMode":false,"pivot":{"x":1.5560834407806397,"y":2.403287887573242,"z":1.5060278177261353},"rotation":{"x":-0.354792058467865,"y":-0.6047065258026123,"z":0.34327563643455508,"w":-0.6249915957450867},"size":9.00872802734375,"orthographic":false}