{"cameraMode":{"drawMode":0,"name":"Shaded","section":"Shading Mode"},"sceneLighting":false,"audioPlay":false,"sceneViewState":{"showFog":false,"showMaterialUpdate":false,"showSkybox":false,"showFlares":false,"showImageEffects":false,"showParticleSystems":false},"in2DMode":false,"pivot":{"x":0.12500572204589845,"y":-2.499997615814209,"z":-0.05000114440917969},"rotation":{"x":-0.424367755651474,"y":0.012764222919940949,"z":-0.005983089562505484,"w":-0.9053801894187927},"size":131.58468627929688,"orthographic":false}