{"cameraMode":{"drawMode":0,"name":"Shaded","section":"Shading Mode"},"sceneLighting":false,"audioPlay":false,"sceneViewState":{"showFog":false,"showMaterialUpdate":false,"showSkybox":false,"showFlares":false,"showImageEffects":false,"showParticleSystems":false},"in2DMode":false,"pivot":{"x":-0.5490000247955322,"y":2.609999895095825,"z":-1.7000000476837159},"rotation":{"x":-0.005977436900138855,"y":-0.9837563633918762,"z":0.17628173530101777,"w":-0.03335440158843994},"size":0.7144709229469299,"orthographic":false}