{"cameraMode":{"drawMode":0,"name":"Shaded","section":"Shading Mode"},"sceneLighting":true,"audioPlay":false,"sceneViewState":{"showFog":false,"showMaterialUpdate":false,"showSkybox":false,"showFlares":false,"showImageEffects":false,"showParticleSystems":false},"in2DMode":false,"pivot":{"x":236.7498016357422,"y":220.2064666748047,"z":54.6673583984375},"rotation":{"x":0.011665158905088902,"y":-0.06535197794437409,"z":-0.0007640694384463131,"w":-0.9977938532829285},"size":832.108154296875,"orthographic":false}