{"cameraMode":{"drawMode":0,"name":"Shaded","section":"Shading Mode"},"sceneLighting":false,"audioPlay":false,"sceneViewState":{"showFog":false,"showMaterialUpdate":false,"showSkybox":false,"showFlares":false,"showImageEffects":false,"showParticleSystems":false},"in2DMode":false,"pivot":{"x":-15.45917797088623,"y":28.523406982421876,"z":-3.6800055503845217},"rotation":{"x":-0.21723660826683045,"y":0.6672571301460266,"z":-0.21323250234127046,"w":-0.6797853112220764},"size":3.051748514175415,"orthographic":false}