{"cameraMode":{"drawMode":0,"name":"Shaded","section":"Shading Mode"},"sceneLighting":false,"audioPlay":false,"sceneViewState":{"showFog":false,"showMaterialUpdate":false,"showSkybox":false,"showFlares":false,"showImageEffects":false,"showParticleSystems":false},"in2DMode":false,"pivot":{"x":-0.3334110677242279,"y":-1.1685290336608887,"z":0.03355693817138672},"rotation":{"x":-0.2408825308084488,"y":0.016591103747487069,"z":-0.004118931945413351,"w":-0.970403790473938},"size":33.18376159667969,"orthographic":false}